term,group1,group2,null.value,estimate,conf.low,conf.high,p.adj,p.adj.signif
species,magna,dentifera,0,8.265823399448475,7.143931833434722,9.387714965462228,0,****
time,day,night,0,1.3536720483142535,0.23178048230050008,2.475563614328007,0.0195,*
species:time,magna:day,dentifera:day,0,7.614473391306947,5.533955083010558,9.694991699603335,7.07e-11,****
species:time,magna:day,magna:night,0,0.6676125004723588,-1.4129058078240302,2.7481308087687477,0.823,ns
species:time,magna:day,dentifera:night,0,9.694247714548776,7.556718349032845,11.831777080064708,6.78e-14,****
species:time,dentifera:day,magna:night,0,-6.946860890834588,-9.027379199130976,-4.866342582538199,7.25e-10,****
species:time,dentifera:day,dentifera:night,0,2.07977432324183,-0.05775504227410044,4.217303688757761,0.059,ns
species:time,magna:night,dentifera:night,0,9.026635214076418,6.889105848560487,11.164164579592349,1.39e-12,****
